face,sides,joins,angle,vector
0,4,"[1, 2]","[0.0, 90.0, 120.0]","[0.054354526, -0.82193816, 0.21456793]"
1,4,"[0, 2]","[90.0, 90.0, 90.0]","[0.69047016, 0.33800408, 0.14882214]"
2,4,"[0, 1]","[90.0, 120.0, 90.0]","[-0.5501829, 0.46579185, 0.17515379]"
