face,sides,joins,angle,vector
0,4,[1],"[0.0, 120.0]","[0.032996785, -0.7231881, 0.28656533]"
1,4,[0],"[120.0, 120.0]","[0.1655494, 0.8434802, 0.17760949]"

