face,sides,joins,angle,vector
0,4,[1],"[90.0, 90.0]","[-0.51927817, 0.41561678, 0.24634649]"
1,4,[0],"[0.0, 90.0]","[-0.07538485, -0.861603, 0.26550725]"
