face,sides,joins,angle,vector
0,4,[1],"[0.0, 90.0]","[-0.0424163, -0.8818039, 0.27931455]"
1,4,[0],"[90.0, 90.0]","[-0.500576, 0.40591276, 0.2703461]"
