face,sides,joins,angle,vector
0,4,[1],"[30.0, 90.0]","[-0.43159887, -0.18217534, 0.472082]"
1,3,[0],"[90.0, 90.0]","[0.45959896, 0.17432436, 0.2668718]"
