face,sides,joins,angle,vector
0,4,[1],"[30.0, 90.0]","[-0.40320113, -0.119042486, 0.40026858]"
1,3,[0],"[90.0, 90.0]","[0.524563, 0.18974265, 0.24260034]"
