face,sides,joins,angle,vector
0,3,[1],"[60.0, 120.0]","[-0.68121207, 0.04816943, 0.19785662]"
1,4,[0],"[90.0, 120.0]","[0.7033064, 0.20816343, 0.18520628]"
