face,sides,joins,angle,vector
0,4,[1],"[60.0, 120.0]","[0.79178387, -0.1364391, 0.29723865]"
1,3,[0],"[90.0, 120.0]","[-0.33408925, 0.32198218, 0.25995332]"
