face,sides,joins,angle,vector
0,4,[1],"[30.0, 90.0]","[-0.3027382, -0.16114993, 0.4202317]"
1,3,[0],"[90.0, 90.0]","[0.51292235, 0.17674743, 0.26645607]"
