face,sides,joins,angle,vector
0,3,[1],"[90.0, 120.0]","[-0.68360615, 0.14131528, 0.18946357]"
1,4,[0],"[90.0, 120.0]","[0.7797659, 0.24618979, 0.17486101]"
