face,sides,joins,angle,vector
0,3,[1],"[90.0, 120.0]","[-0.5320986, 0.43507636, 0.21475253]"
1,4,[0],"[60.0, 120.0]","[0.7622758, -0.15468113, 0.26743507]"
