face,sides,joins,angle,vector
0,3,[1],"[30.0, 90.0]","[-0.3661073, -0.17993952, 0.34275523]"
1,3,[0],"[120.0, 90.0]","[0.16995843, 0.5030116, 0.19615705]"
