face,sides,joins,angle,vector
0,3,[1],"[120.0, 90.0]","[0.42730236, 0.6577142, 0.1551915]"
1,3,[0],"[60.0, 90.0]","[-0.3796537, -0.037736367, 0.2254795]"
