face,sides,joins,angle,vector
0,3,[1],"[60.0, 120.0]","[0.9036801, 0.1166018, 0.2532438]"
1,3,[0],"[60.0, 120.0]","[-0.6773106, 0.1404379, 0.27345172]"
