face,sides,joins,angle,vector
0,3,[1],"[60.0, 120.0]","[0.8804107, 0.12910438, 0.24013798]"
1,3,[0],"[90.0, 120.0]","[-0.67037094, 0.16602689, 0.25116777]"
