face,sides,joins,angle,vector
0,3,[1],"[60.0, 90.0]","[0.7081722, -0.12938154, 0.269126]"
1,3,[0],"[120.0, 90.0]","[-0.19059087, 0.42933315, 0.1948761]"
