face,sides,joins,angle,vector
0,3,[1],"[90.0, 120.0]","[0.7424511, 0.3338702, 0.23225269]"
1,3,[0],"[60.0, 120.0]","[-0.6275916, 0.08412252, 0.3029359]"
