face,sides,joins,angle,vector
0,3,[1],"[60.0, 120.0]","[0.86281824, -0.030813498, 0.31289828]"
1,3,[0],"[90.0, 120.0]","[-0.53835285, 0.24756843, 0.23751304]"
